Date,Habit,Completed
2024-01-01,Exercise,True
2024-01-01,Read,False
2024-01-01,Meditate,True
2024-01-01,Code,False
2024-01-01,Drink Water,False
2024-01-02,Exercise,True
2024-01-02,Read,False
2024-01-02,Meditate,True
2024-01-02,Code,False
2024-01-02,Drink Water,False
2024-01-03,Exercise,True
2024-01-03,Read,False
2024-01-03,Meditate,True
2024-01-03,Code,True
2024-01-03,Drink Water,True
2024-01-04,Exercise,True
2024-01-04,Read,False
2024-01-04,Meditate,True
2024-01-04,Code,True
2024-01-04,Drink Water,False
2024-01-05,Exercise,False
2024-01-05,Read,True
2024-01-05,Meditate,False
2024-01-05,Code,False
2024-01-05,Drink Water,True
2024-01-06,Exercise,False
2024-01-06,Read,False
2024-01-06,Meditate,True
2024-01-06,Code,True
2024-01-06,Drink Water,True
2024-01-07,Exercise,True
2024-01-07,Read,True
2024-01-07,Meditate,False
2024-01-07,Code,True
2024-01-07,Drink Water,False
2024-01-08,Exercise,True
2024-01-08,Read,False
2024-01-08,Meditate,False
2024-01-08,Code,False
2024-01-08,Drink Water,True
2024-01-09,Exercise,False
2024-01-09,Read,False
2024-01-09,Meditate,False
2024-01-09,Code,False
2024-01-09,Drink Water,False
2024-01-10,Exercise,False
2024-01-10,Read,False
2024-01-10,Meditate,True
2024-01-10,Code,True
2024-01-10,Drink Water,False
2024-01-11,Exercise,True
2024-01-11,Read,False
2024-01-11,Meditate,False
2024-01-11,Code,False
2024-01-11,Drink Water,False
2024-01-12,Exercise,True
2024-01-12,Read,True
2024-01-12,Meditate,True
2024-01-12,Code,False
2024-01-12,Drink Water,False
2024-01-13,Exercise,True
2024-01-13,Read,True
2024-01-13,Meditate,False
2024-01-13,Code,True
2024-01-13,Drink Water,False
2024-01-14,Exercise,True
2024-01-14,Read,True
2024-01-14,Meditate,True
2024-01-14,Code,True
2024-01-14,Drink Water,True
2024-01-15,Exercise,False
2024-01-15,Read,False
2024-01-15,Meditate,True
2024-01-15,Code,False
2024-01-15,Drink Water,True
2024-01-16,Exercise,True
2024-01-16,Read,True
2024-01-16,Meditate,False
2024-01-16,Code,True
2024-01-16,Drink Water,False
2024-01-17,Exercise,True
2024-01-17,Read,True
2024-01-17,Meditate,False
2024-01-17,Code,False
2024-01-17,Drink Water,True
2024-01-18,Exercise,True
2024-01-18,Read,True
2024-01-18,Meditate,True
2024-01-18,Code,True
2024-01-18,Drink Water,True
2024-01-19,Exercise,True
2024-01-19,Read,True
2024-01-19,Meditate,False
2024-01-19,Code,False
2024-01-19,Drink Water,False
2024-01-20,Exercise,False
2024-01-20,Read,True
2024-01-20,Meditate,True
2024-01-20,Code,False
2024-01-20,Drink Water,True
2024-01-21,Exercise,False
2024-01-21,Read,False
2024-01-21,Meditate,True
2024-01-21,Code,False
2024-01-21,Drink Water,True
2024-01-22,Exercise,True
2024-01-22,Read,False
2024-01-22,Meditate,False
2024-01-22,Code,True
2024-01-22,Drink Water,False
2024-01-23,Exercise,True
2024-01-23,Read,False
2024-01-23,Meditate,True
2024-01-23,Code,False
2024-01-23,Drink Water,True
2024-01-24,Exercise,True
2024-01-24,Read,False
2024-01-24,Meditate,False
2024-01-24,Code,False
2024-01-24,Drink Water,False
2024-01-25,Exercise,False
2024-01-25,Read,False
2024-01-25,Meditate,False
2024-01-25,Code,False
2024-01-25,Drink Water,False
2024-01-26,Exercise,False
2024-01-26,Read,True
2024-01-26,Meditate,False
2024-01-26,Code,False
2024-01-26,Drink Water,False
2024-01-27,Exercise,True
2024-01-27,Read,False
2024-01-27,Meditate,True
2024-01-27,Code,False
2024-01-27,Drink Water,False
2024-01-28,Exercise,True
2024-01-28,Read,False
2024-01-28,Meditate,True
2024-01-28,Code,False
2024-01-28,Drink Water,True
2024-01-29,Exercise,True
2024-01-29,Read,False
2024-01-29,Meditate,True
2024-01-29,Code,False
2024-01-29,Drink Water,False
2024-01-30,Exercise,False
2024-01-30,Read,False
2024-01-30,Meditate,True
2024-01-30,Code,True
2024-01-30,Drink Water,True
2024-01-31,Exercise,False
2024-01-31,Read,False
2024-01-31,Meditate,False
2024-01-31,Code,False
2024-01-31,Drink Water,False
2024-02-01,Exercise,False
2024-02-01,Read,False
2024-02-01,Meditate,False
2024-02-01,Code,True
2024-02-01,Drink Water,False
2024-02-02,Exercise,True
2024-02-02,Read,True
2024-02-02,Meditate,True
2024-02-02,Code,True
2024-02-02,Drink Water,False
2024-02-03,Exercise,True
2024-02-03,Read,False
2024-02-03,Meditate,True
2024-02-03,Code,False
2024-02-03,Drink Water,True
2024-02-04,Exercise,True
2024-02-04,Read,True
2024-02-04,Meditate,False
2024-02-04,Code,True
2024-02-04,Drink Water,False
2024-02-05,Exercise,False
2024-02-05,Read,False
2024-02-05,Meditate,False
2024-02-05,Code,False
2024-02-05,Drink Water,False
2024-02-06,Exercise,False
2024-02-06,Read,False
2024-02-06,Meditate,True
2024-02-06,Code,False
2024-02-06,Drink Water,False
2024-02-07,Exercise,True
2024-02-07,Read,False
2024-02-07,Meditate,False
2024-02-07,Code,True
2024-02-07,Drink Water,False
2024-02-08,Exercise,False
2024-02-08,Read,False
2024-02-08,Meditate,False
2024-02-08,Code,False
2024-02-08,Drink Water,False
2024-02-09,Exercise,True
2024-02-09,Read,True
2024-02-09,Meditate,True
2024-02-09,Code,True
2024-02-09,Drink Water,True
2024-02-10,Exercise,True
2024-02-10,Read,False
2024-02-10,Meditate,False
2024-02-10,Code,False
2024-02-10,Drink Water,True
2024-02-11,Exercise,False
2024-02-11,Read,False
2024-02-11,Meditate,True
2024-02-11,Code,False
2024-02-11,Drink Water,False
2024-02-12,Exercise,False
2024-02-12,Read,True
2024-02-12,Meditate,True
2024-02-12,Code,True
2024-02-12,Drink Water,False
2024-02-13,Exercise,True
2024-02-13,Read,True
2024-02-13,Meditate,False
2024-02-13,Code,False
2024-02-13,Drink Water,False
2024-02-14,Exercise,True
2024-02-14,Read,True
2024-02-14,Meditate,True
2024-02-14,Code,False
2024-02-14,Drink Water,False
2024-02-15,Exercise,True
2024-02-15,Read,True
2024-02-15,Meditate,True
2024-02-15,Code,True
2024-02-15,Drink Water,False
2024-02-16,Exercise,True
2024-02-16,Read,False
2024-02-16,Meditate,False
2024-02-16,Code,True
2024-02-16,Drink Water,True
2024-02-17,Exercise,False
2024-02-17,Read,False
2024-02-17,Meditate,True
2024-02-17,Code,True
2024-02-17,Drink Water,True
2024-02-18,Exercise,False
2024-02-18,Read,False
2024-02-18,Meditate,True
2024-02-18,Code,True
2024-02-18,Drink Water,False
2024-02-19,Exercise,False
2024-02-19,Read,False
2024-02-19,Meditate,True
2024-02-19,Code,False
2024-02-19,Drink Water,False
2024-02-20,Exercise,True
2024-02-20,Read,True
2024-02-20,Meditate,False
2024-02-20,Code,False
2024-02-20,Drink Water,True
2024-02-21,Exercise,True
2024-02-21,Read,True
2024-02-21,Meditate,True
2024-02-21,Code,False
2024-02-21,Drink Water,True
2024-02-22,Exercise,True
2024-02-22,Read,False
2024-02-22,Meditate,True
2024-02-22,Code,False
2024-02-22,Drink Water,True
2024-02-23,Exercise,True
2024-02-23,Read,False
2024-02-23,Meditate,False
2024-02-23,Code,True
2024-02-23,Drink Water,True
2024-02-24,Exercise,False
2024-02-24,Read,True
2024-02-24,Meditate,False
2024-02-24,Code,True
2024-02-24,Drink Water,False
2024-02-25,Exercise,False
2024-02-25,Read,False
2024-02-25,Meditate,False
2024-02-25,Code,True
2024-02-25,Drink Water,False
2024-02-26,Exercise,False
2024-02-26,Read,True
2024-02-26,Meditate,False
2024-02-26,Code,True
2024-02-26,Drink Water,True
2024-02-27,Exercise,True
2024-02-27,Read,False
2024-02-27,Meditate,False
2024-02-27,Code,False
2024-02-27,Drink Water,False
2024-02-28,Exercise,True
2024-02-28,Read,True
2024-02-28,Meditate,False
2024-02-28,Code,True
2024-02-28,Drink Water,True
2024-02-29,Exercise,False
2024-02-29,Read,True
2024-02-29,Meditate,True
2024-02-29,Code,True
2024-02-29,Drink Water,True
2024-03-01,Exercise,True
2024-03-01,Read,False
2024-03-01,Meditate,True
2024-03-01,Code,False
2024-03-01,Drink Water,False
2024-03-02,Exercise,False
2024-03-02,Read,False
2024-03-02,Meditate,False
2024-03-02,Code,True
2024-03-02,Drink Water,True
2024-03-03,Exercise,False
2024-03-03,Read,False
2024-03-03,Meditate,True
2024-03-03,Code,False
2024-03-03,Drink Water,True
2024-03-04,Exercise,True
2024-03-04,Read,True
2024-03-04,Meditate,False
2024-03-04,Code,True
2024-03-04,Drink Water,True
2024-03-05,Exercise,False
2024-03-05,Read,True
2024-03-05,Meditate,True
2024-03-05,Code,False
2024-03-05,Drink Water,False
2024-03-06,Exercise,False
2024-03-06,Read,False
2024-03-06,Meditate,False
2024-03-06,Code,True
2024-03-06,Drink Water,True
2024-03-07,Exercise,True
2024-03-07,Read,False
2024-03-07,Meditate,False
2024-03-07,Code,True
2024-03-07,Drink Water,True
2024-03-08,Exercise,True
2024-03-08,Read,True
2024-03-08,Meditate,True
2024-03-08,Code,False
2024-03-08,Drink Water,True
2024-03-09,Exercise,False
2024-03-09,Read,True
2024-03-09,Meditate,False
2024-03-09,Code,False
2024-03-09,Drink Water,True
2024-03-10,Exercise,True
2024-03-10,Read,True
2024-03-10,Meditate,True
2024-03-10,Code,False
2024-03-10,Drink Water,True
2024-03-11,Exercise,False
2024-03-11,Read,False
2024-03-11,Meditate,False
2024-03-11,Code,False
2024-03-11,Drink Water,False
2024-03-12,Exercise,True
2024-03-12,Read,False
2024-03-12,Meditate,True
2024-03-12,Code,False
2024-03-12,Drink Water,False
2024-03-13,Exercise,True
2024-03-13,Read,False
2024-03-13,Meditate,True
2024-03-13,Code,True
2024-03-13,Drink Water,False
2024-03-14,Exercise,True
2024-03-14,Read,True
2024-03-14,Meditate,False
2024-03-14,Code,True
2024-03-14,Drink Water,True
2024-03-15,Exercise,False
2024-03-15,Read,True
2024-03-15,Meditate,True
2024-03-15,Code,True
2024-03-15,Drink Water,True
2024-03-16,Exercise,True
2024-03-16,Read,False
2024-03-16,Meditate,True
2024-03-16,Code,False
2024-03-16,Drink Water,True
2024-03-17,Exercise,False
2024-03-17,Read,False
2024-03-17,Meditate,False
2024-03-17,Code,False
2024-03-17,Drink Water,False
2024-03-18,Exercise,False
2024-03-18,Read,False
2024-03-18,Meditate,False
2024-03-18,Code,False
2024-03-18,Drink Water,True
2024-03-19,Exercise,False
2024-03-19,Read,False
2024-03-19,Meditate,False
2024-03-19,Code,True
2024-03-19,Drink Water,True
2024-03-20,Exercise,True
2024-03-20,Read,True
2024-03-20,Meditate,True
2024-03-20,Code,True
2024-03-20,Drink Water,False
2024-03-21,Exercise,True
2024-03-21,Read,True
2024-03-21,Meditate,False
2024-03-21,Code,True
2024-03-21,Drink Water,False
2024-03-22,Exercise,False
2024-03-22,Read,True
2024-03-22,Meditate,False
2024-03-22,Code,False
2024-03-22,Drink Water,False
2024-03-23,Exercise,False
2024-03-23,Read,True
2024-03-23,Meditate,False
2024-03-23,Code,False
2024-03-23,Drink Water,False
2024-03-24,Exercise,False
2024-03-24,Read,False
2024-03-24,Meditate,False
2024-03-24,Code,True
2024-03-24,Drink Water,True
2024-03-25,Exercise,False
2024-03-25,Read,True
2024-03-25,Meditate,False
2024-03-25,Code,False
2024-03-25,Drink Water,False
2024-03-26,Exercise,False
2024-03-26,Read,False
2024-03-26,Meditate,True
2024-03-26,Code,False
2024-03-26,Drink Water,False
2024-03-27,Exercise,False
2024-03-27,Read,True
2024-03-27,Meditate,False
2024-03-27,Code,False
2024-03-27,Drink Water,True
2024-03-28,Exercise,False
2024-03-28,Read,False
2024-03-28,Meditate,False
2024-03-28,Code,False
2024-03-28,Drink Water,True
2024-03-29,Exercise,True
2024-03-29,Read,True
2024-03-29,Meditate,False
2024-03-29,Code,False
2024-03-29,Drink Water,True
2024-03-30,Exercise,True
2024-03-30,Read,False
2024-03-30,Meditate,False
2024-03-30,Code,False
2024-03-30,Drink Water,True
2024-03-31,Exercise,False
2024-03-31,Read,False
2024-03-31,Meditate,True
2024-03-31,Code,True
2024-03-31,Drink Water,True
2024-04-01,Exercise,False
2024-04-01,Read,True
2024-04-01,Meditate,False
2024-04-01,Code,False
2024-04-01,Drink Water,False
2024-04-02,Exercise,False
2024-04-02,Read,True
2024-04-02,Meditate,False
2024-04-02,Code,True
2024-04-02,Drink Water,False
2024-04-03,Exercise,False
2024-04-03,Read,False
2024-04-03,Meditate,True
2024-04-03,Code,False
2024-04-03,Drink Water,False
2024-04-04,Exercise,True
2024-04-04,Read,True
2024-04-04,Meditate,False
2024-04-04,Code,False
2024-04-04,Drink Water,True
2024-04-05,Exercise,True
2024-04-05,Read,True
2024-04-05,Meditate,False
2024-04-05,Code,True
2024-04-05,Drink Water,False
2024-04-06,Exercise,False
2024-04-06,Read,True
2024-04-06,Meditate,False
2024-04-06,Code,False
2024-04-06,Drink Water,True
2024-04-07,Exercise,False
2024-04-07,Read,False
2024-04-07,Meditate,True
2024-04-07,Code,False
2024-04-07,Drink Water,False
2024-04-08,Exercise,False
2024-04-08,Read,True
2024-04-08,Meditate,True
2024-04-08,Code,True
2024-04-08,Drink Water,False
2024-04-09,Exercise,False
2024-04-09,Read,True
2024-04-09,Meditate,True
2024-04-09,Code,True
2024-04-09,Drink Water,True
2024-04-10,Exercise,False
2024-04-10,Read,False
2024-04-10,Meditate,False
2024-04-10,Code,True
2024-04-10,Drink Water,True
2024-04-11,Exercise,False
2024-04-11,Read,False
2024-04-11,Meditate,False
2024-04-11,Code,True
2024-04-11,Drink Water,True
2024-04-12,Exercise,True
2024-04-12,Read,False
2024-04-12,Meditate,True
2024-04-12,Code,True
2024-04-12,Drink Water,True
2024-04-13,Exercise,False
2024-04-13,Read,False
2024-04-13,Meditate,True
2024-04-13,Code,False
2024-04-13,Drink Water,False
2024-04-14,Exercise,True
2024-04-14,Read,False
2024-04-14,Meditate,True
2024-04-14,Code,False
2024-04-14,Drink Water,True
2024-04-15,Exercise,False
2024-04-15,Read,True
2024-04-15,Meditate,True
2024-04-15,Code,False
2024-04-15,Drink Water,False
2024-04-16,Exercise,False
2024-04-16,Read,False
2024-04-16,Meditate,True
2024-04-16,Code,False
2024-04-16,Drink Water,False
2024-04-17,Exercise,False
2024-04-17,Read,False
2024-04-17,Meditate,True
2024-04-17,Code,True
2024-04-17,Drink Water,True
2024-04-18,Exercise,False
2024-04-18,Read,True
2024-04-18,Meditate,True
2024-04-18,Code,False
2024-04-18,Drink Water,False
2024-04-19,Exercise,True
2024-04-19,Read,False
2024-04-19,Meditate,False
2024-04-19,Code,False
2024-04-19,Drink Water,False
2024-04-20,Exercise,False
2024-04-20,Read,True
2024-04-20,Meditate,True
2024-04-20,Code,False
2024-04-20,Drink Water,True
2024-04-21,Exercise,True
2024-04-21,Read,False
2024-04-21,Meditate,True
2024-04-21,Code,False
2024-04-21,Drink Water,True
2024-04-22,Exercise,False
2024-04-22,Read,False
2024-04-22,Meditate,True
2024-04-22,Code,False
2024-04-22,Drink Water,True
2024-04-23,Exercise,False
2024-04-23,Read,False
2024-04-23,Meditate,False
2024-04-23,Code,True
2024-04-23,Drink Water,False
2024-04-24,Exercise,False
2024-04-24,Read,False
2024-04-24,Meditate,False
2024-04-24,Code,True
2024-04-24,Drink Water,True
2024-04-25,Exercise,False
2024-04-25,Read,False
2024-04-25,Meditate,True
2024-04-25,Code,True
2024-04-25,Drink Water,False
2024-04-26,Exercise,True
2024-04-26,Read,True
2024-04-26,Meditate,False
2024-04-26,Code,True
2024-04-26,Drink Water,False
2024-04-27,Exercise,True
2024-04-27,Read,False
2024-04-27,Meditate,True
2024-04-27,Code,False
2024-04-27,Drink Water,True
2024-04-28,Exercise,False
2024-04-28,Read,True
2024-04-28,Meditate,True
2024-04-28,Code,True
2024-04-28,Drink Water,False
2024-04-29,Exercise,True
2024-04-29,Read,True
2024-04-29,Meditate,False
2024-04-29,Code,True
2024-04-29,Drink Water,True
2024-04-30,Exercise,False
2024-04-30,Read,True
2024-04-30,Meditate,True
2024-04-30,Code,True
2024-04-30,Drink Water,False
2024-05-01,Exercise,False
2024-05-01,Read,False
2024-05-01,Meditate,True
2024-05-01,Code,False
2024-05-01,Drink Water,True
2024-05-02,Exercise,True
2024-05-02,Read,True
2024-05-02,Meditate,True
2024-05-02,Code,True
2024-05-02,Drink Water,False
2024-05-03,Exercise,False
2024-05-03,Read,True
2024-05-03,Meditate,False
2024-05-03,Code,False
2024-05-03,Drink Water,True
2024-05-04,Exercise,False
2024-05-04,Read,True
2024-05-04,Meditate,True
2024-05-04,Code,True
2024-05-04,Drink Water,False
2024-05-05,Exercise,False
2024-05-05,Read,True
2024-05-05,Meditate,True
2024-05-05,Code,False
2024-05-05,Drink Water,False
2024-05-06,Exercise,True
2024-05-06,Read,True
2024-05-06,Meditate,False
2024-05-06,Code,False
2024-05-06,Drink Water,False
2024-05-07,Exercise,False
2024-05-07,Read,True
2024-05-07,Meditate,True
2024-05-07,Code,True
2024-05-07,Drink Water,False
2024-05-08,Exercise,True
2024-05-08,Read,False
2024-05-08,Meditate,False
2024-05-08,Code,True
2024-05-08,Drink Water,False
2024-05-09,Exercise,True
2024-05-09,Read,True
2024-05-09,Meditate,False
2024-05-09,Code,True
2024-05-09,Drink Water,False
2024-05-10,Exercise,True
2024-05-10,Read,True
2024-05-10,Meditate,False
2024-05-10,Code,True
2024-05-10,Drink Water,True
2024-05-11,Exercise,False
2024-05-11,Read,True
2024-05-11,Meditate,False
2024-05-11,Code,False
2024-05-11,Drink Water,False
2024-05-12,Exercise,False
2024-05-12,Read,False
2024-05-12,Meditate,True
2024-05-12,Code,True
2024-05-12,Drink Water,False
2024-05-13,Exercise,False
2024-05-13,Read,True
2024-05-13,Meditate,False
2024-05-13,Code,False
2024-05-13,Drink Water,True
2024-05-14,Exercise,True
2024-05-14,Read,False
2024-05-14,Meditate,False
2024-05-14,Code,True
2024-05-14,Drink Water,True
2024-05-15,Exercise,True
2024-05-15,Read,False
2024-05-15,Meditate,False
2024-05-15,Code,False
2024-05-15,Drink Water,True
2024-05-16,Exercise,False
2024-05-16,Read,True
2024-05-16,Meditate,True
2024-05-16,Code,False
2024-05-16,Drink Water,True
2024-05-17,Exercise,False
2024-05-17,Read,True
2024-05-17,Meditate,True
2024-05-17,Code,False
2024-05-17,Drink Water,True
2024-05-18,Exercise,True
2024-05-18,Read,True
2024-05-18,Meditate,False
2024-05-18,Code,False
2024-05-18,Drink Water,True
2024-05-19,Exercise,False
2024-05-19,Read,True
2024-05-19,Meditate,True
2024-05-19,Code,False
2024-05-19,Drink Water,False
2024-05-20,Exercise,False
2024-05-20,Read,False
2024-05-20,Meditate,False
2024-05-20,Code,True
2024-05-20,Drink Water,False
2024-05-21,Exercise,True
2024-05-21,Read,True
2024-05-21,Meditate,True
2024-05-21,Code,True
2024-05-21,Drink Water,False
2024-05-22,Exercise,False
2024-05-22,Read,False
2024-05-22,Meditate,True
2024-05-22,Code,True
2024-05-22,Drink Water,True
2024-05-23,Exercise,False
2024-05-23,Read,False
2024-05-23,Meditate,False
2024-05-23,Code,False
2024-05-23,Drink Water,True
2024-05-24,Exercise,True
2024-05-24,Read,False
2024-05-24,Meditate,True
2024-05-24,Code,False
2024-05-24,Drink Water,True
2024-05-25,Exercise,True
2024-05-25,Read,False
2024-05-25,Meditate,False
2024-05-25,Code,True
2024-05-25,Drink Water,False
2024-05-26,Exercise,True
2024-05-26,Read,True
2024-05-26,Meditate,True
2024-05-26,Code,False
2024-05-26,Drink Water,False
2024-05-27,Exercise,False
2024-05-27,Read,False
2024-05-27,Meditate,False
2024-05-27,Code,False
2024-05-27,Drink Water,False
2024-05-28,Exercise,True
2024-05-28,Read,False
2024-05-28,Meditate,False
2024-05-28,Code,False
2024-05-28,Drink Water,False
2024-05-29,Exercise,True
2024-05-29,Read,True
2024-05-29,Meditate,True
2024-05-29,Code,False
2024-05-29,Drink Water,False
2024-05-30,Exercise,True
2024-05-30,Read,True
2024-05-30,Meditate,True
2024-05-30,Code,True
2024-05-30,Drink Water,True
2024-05-31,Exercise,True
2024-05-31,Read,True
2024-05-31,Meditate,False
2024-05-31,Code,True
2024-05-31,Drink Water,False
2024-06-01,Exercise,False
2024-06-01,Read,True
2024-06-01,Meditate,True
2024-06-01,Code,False
2024-06-01,Drink Water,False
2024-06-02,Exercise,False
2024-06-02,Read,False
2024-06-02,Meditate,True
2024-06-02,Code,False
2024-06-02,Drink Water,False
2024-06-03,Exercise,True
2024-06-03,Read,False
2024-06-03,Meditate,True
2024-06-03,Code,True
2024-06-03,Drink Water,False
2024-06-04,Exercise,True
2024-06-04,Read,True
2024-06-04,Meditate,False
2024-06-04,Code,False
2024-06-04,Drink Water,False
2024-06-05,Exercise,False
2024-06-05,Read,False
2024-06-05,Meditate,True
2024-06-05,Code,False
2024-06-05,Drink Water,True
2024-06-06,Exercise,False
2024-06-06,Read,True
2024-06-06,Meditate,False
2024-06-06,Code,False
2024-06-06,Drink Water,True
2024-06-07,Exercise,False
2024-06-07,Read,True
2024-06-07,Meditate,False
2024-06-07,Code,True
2024-06-07,Drink Water,True
2024-06-08,Exercise,True
2024-06-08,Read,False
2024-06-08,Meditate,False
2024-06-08,Code,True
2024-06-08,Drink Water,True
2024-06-09,Exercise,False
2024-06-09,Read,False
2024-06-09,Meditate,False
2024-06-09,Code,False
2024-06-09,Drink Water,False
2024-06-10,Exercise,True
2024-06-10,Read,True
2024-06-10,Meditate,False
2024-06-10,Code,True
2024-06-10,Drink Water,False
2024-06-11,Exercise,False
2024-06-11,Read,False
2024-06-11,Meditate,False
2024-06-11,Code,True
2024-06-11,Drink Water,True
2024-06-12,Exercise,False
2024-06-12,Read,False
2024-06-12,Meditate,False
2024-06-12,Code,False
2024-06-12,Drink Water,True
2024-06-13,Exercise,True
2024-06-13,Read,True
2024-06-13,Meditate,True
2024-06-13,Code,False
2024-06-13,Drink Water,True
2024-06-14,Exercise,False
2024-06-14,Read,True
2024-06-14,Meditate,False
2024-06-14,Code,False
2024-06-14,Drink Water,True
2024-06-15,Exercise,False
2024-06-15,Read,False
2024-06-15,Meditate,False
2024-06-15,Code,False
2024-06-15,Drink Water,False
2024-06-16,Exercise,True
2024-06-16,Read,False
2024-06-16,Meditate,False
2024-06-16,Code,True
2024-06-16,Drink Water,True
2024-06-17,Exercise,False
2024-06-17,Read,False
2024-06-17,Meditate,False
2024-06-17,Code,True
2024-06-17,Drink Water,True
2024-06-18,Exercise,True
2024-06-18,Read,False
2024-06-18,Meditate,False
2024-06-18,Code,True
2024-06-18,Drink Water,False
2024-06-19,Exercise,True
2024-06-19,Read,True
2024-06-19,Meditate,True
2024-06-19,Code,True
2024-06-19,Drink Water,False
2024-06-20,Exercise,True
2024-06-20,Read,True
2024-06-20,Meditate,True
2024-06-20,Code,False
2024-06-20,Drink Water,False
2024-06-21,Exercise,True
2024-06-21,Read,False
2024-06-21,Meditate,False
2024-06-21,Code,True
2024-06-21,Drink Water,True
2024-06-22,Exercise,True
2024-06-22,Read,True
2024-06-22,Meditate,False
2024-06-22,Code,True
2024-06-22,Drink Water,False
2024-06-23,Exercise,True
2024-06-23,Read,False
2024-06-23,Meditate,False
2024-06-23,Code,True
2024-06-23,Drink Water,False
2024-06-24,Exercise,False
2024-06-24,Read,False
2024-06-24,Meditate,True
2024-06-24,Code,False
2024-06-24,Drink Water,True
2024-06-25,Exercise,False
2024-06-25,Read,True
2024-06-25,Meditate,False
2024-06-25,Code,False
2024-06-25,Drink Water,True
2024-06-26,Exercise,False
2024-06-26,Read,False
2024-06-26,Meditate,False
2024-06-26,Code,False
2024-06-26,Drink Water,False
2024-06-27,Exercise,False
2024-06-27,Read,True
2024-06-27,Meditate,False
2024-06-27,Code,True
2024-06-27,Drink Water,True
2024-06-28,Exercise,False
2024-06-28,Read,False
2024-06-28,Meditate,False
2024-06-28,Code,True
2024-06-28,Drink Water,False
2024-06-29,Exercise,False
2024-06-29,Read,True
2024-06-29,Meditate,True
2024-06-29,Code,True
2024-06-29,Drink Water,True
2024-06-30,Exercise,True
2024-06-30,Read,False
2024-06-30,Meditate,False
2024-06-30,Code,False
2024-06-30,Drink Water,True
2024-07-01,Exercise,True
2024-07-01,Read,True
2024-07-01,Meditate,False
2024-07-01,Code,True
2024-07-01,Drink Water,True
2024-07-02,Exercise,False
2024-07-02,Read,False
2024-07-02,Meditate,False
2024-07-02,Code,False
2024-07-02,Drink Water,False
2024-07-03,Exercise,True
2024-07-03,Read,False
2024-07-03,Meditate,False
2024-07-03,Code,True
2024-07-03,Drink Water,False
2024-07-04,Exercise,False
2024-07-04,Read,True
2024-07-04,Meditate,True
2024-07-04,Code,True
2024-07-04,Drink Water,False
2024-07-05,Exercise,True
2024-07-05,Read,True
2024-07-05,Meditate,False
2024-07-05,Code,True
2024-07-05,Drink Water,True
2024-07-06,Exercise,True
2024-07-06,Read,False
2024-07-06,Meditate,False
2024-07-06,Code,False
2024-07-06,Drink Water,False
2024-07-07,Exercise,False
2024-07-07,Read,True
2024-07-07,Meditate,False
2024-07-07,Code,False
2024-07-07,Drink Water,True
2024-07-08,Exercise,True
2024-07-08,Read,True
2024-07-08,Meditate,False
2024-07-08,Code,False
2024-07-08,Drink Water,True
2024-07-09,Exercise,False
2024-07-09,Read,False
2024-07-09,Meditate,False
2024-07-09,Code,False
2024-07-09,Drink Water,False
2024-07-10,Exercise,True
2024-07-10,Read,True
2024-07-10,Meditate,False
2024-07-10,Code,True
2024-07-10,Drink Water,True
2024-07-11,Exercise,True
2024-07-11,Read,True
2024-07-11,Meditate,True
2024-07-11,Code,True
2024-07-11,Drink Water,False
2024-07-12,Exercise,False
2024-07-12,Read,True
2024-07-12,Meditate,False
2024-07-12,Code,False
2024-07-12,Drink Water,True
2024-07-13,Exercise,False
2024-07-13,Read,False
2024-07-13,Meditate,True
2024-07-13,Code,True
2024-07-13,Drink Water,False
2024-07-14,Exercise,True
2024-07-14,Read,False
2024-07-14,Meditate,True
2024-07-14,Code,False
2024-07-14,Drink Water,False
2024-07-15,Exercise,True
2024-07-15,Read,False
2024-07-15,Meditate,False
2024-07-15,Code,True
2024-07-15,Drink Water,True
2024-07-16,Exercise,True
2024-07-16,Read,True
2024-07-16,Meditate,True
2024-07-16,Code,False
2024-07-16,Drink Water,False
2024-07-17,Exercise,False
2024-07-17,Read,True
2024-07-17,Meditate,False
2024-07-17,Code,False
2024-07-17,Drink Water,True
2024-07-18,Exercise,False
2024-07-18,Read,False
2024-07-18,Meditate,True
2024-07-18,Code,False
2024-07-18,Drink Water,True
2024-07-19,Exercise,False
2024-07-19,Read,False
2024-07-19,Meditate,False
2024-07-19,Code,True
2024-07-19,Drink Water,False
2024-07-20,Exercise,False
2024-07-20,Read,True
2024-07-20,Meditate,False
2024-07-20,Code,False
2024-07-20,Drink Water,False
2024-07-21,Exercise,False
2024-07-21,Read,True
2024-07-21,Meditate,False
2024-07-21,Code,False
2024-07-21,Drink Water,False
2024-07-22,Exercise,True
2024-07-22,Read,False
2024-07-22,Meditate,False
2024-07-22,Code,True
2024-07-22,Drink Water,True
2024-07-23,Exercise,True
2024-07-23,Read,True
2024-07-23,Meditate,True
2024-07-23,Code,False
2024-07-23,Drink Water,True
2024-07-24,Exercise,False
2024-07-24,Read,False
2024-07-24,Meditate,False
2024-07-24,Code,True
2024-07-24,Drink Water,False
2024-07-25,Exercise,True
2024-07-25,Read,True
2024-07-25,Meditate,True
2024-07-25,Code,False
2024-07-25,Drink Water,False
2024-07-26,Exercise,True
2024-07-26,Read,True
2024-07-26,Meditate,True
2024-07-26,Code,False
2024-07-26,Drink Water,True
2024-07-27,Exercise,False
2024-07-27,Read,True
2024-07-27,Meditate,True
2024-07-27,Code,True
2024-07-27,Drink Water,True
2024-07-28,Exercise,True
2024-07-28,Read,False
2024-07-28,Meditate,False
2024-07-28,Code,False
2024-07-28,Drink Water,False
2024-07-29,Exercise,True
2024-07-29,Read,False
2024-07-29,Meditate,True
2024-07-29,Code,True
2024-07-29,Drink Water,True
2024-07-30,Exercise,True
2024-07-30,Read,False
2024-07-30,Meditate,True
2024-07-30,Code,False
2024-07-30,Drink Water,False
2024-07-31,Exercise,True
2024-07-31,Read,False
2024-07-31,Meditate,False
2024-07-31,Code,True
2024-07-31,Drink Water,False
2024-08-01,Exercise,True
2024-08-01,Read,True
2024-08-01,Meditate,True
2024-08-01,Code,False
2024-08-01,Drink Water,True
2024-08-02,Exercise,True
2024-08-02,Read,False
2024-08-02,Meditate,False
2024-08-02,Code,False
2024-08-02,Drink Water,False
2024-08-03,Exercise,True
2024-08-03,Read,False
2024-08-03,Meditate,True
2024-08-03,Code,False
2024-08-03,Drink Water,True
2024-08-04,Exercise,False
2024-08-04,Read,True
2024-08-04,Meditate,True
2024-08-04,Code,False
2024-08-04,Drink Water,False
2024-08-05,Exercise,True
2024-08-05,Read,False
2024-08-05,Meditate,False
2024-08-05,Code,False
2024-08-05,Drink Water,True
2024-08-06,Exercise,True
2024-08-06,Read,True
2024-08-06,Meditate,False
2024-08-06,Code,False
2024-08-06,Drink Water,True
2024-08-07,Exercise,True
2024-08-07,Read,False
2024-08-07,Meditate,True
2024-08-07,Code,True
2024-08-07,Drink Water,True
2024-08-08,Exercise,False
2024-08-08,Read,True
2024-08-08,Meditate,False
2024-08-08,Code,False
2024-08-08,Drink Water,False
2024-08-09,Exercise,True
2024-08-09,Read,True
2024-08-09,Meditate,False
2024-08-09,Code,True
2024-08-09,Drink Water,True
2024-08-10,Exercise,False
2024-08-10,Read,False
2024-08-10,Meditate,True
2024-08-10,Code,True
2024-08-10,Drink Water,True
2024-08-11,Exercise,True
2024-08-11,Read,True
2024-08-11,Meditate,True
2024-08-11,Code,True
2024-08-11,Drink Water,False
2024-08-12,Exercise,False
2024-08-12,Read,False
2024-08-12,Meditate,False
2024-08-12,Code,False
2024-08-12,Drink Water,True
2024-08-13,Exercise,False
2024-08-13,Read,False
2024-08-13,Meditate,True
2024-08-13,Code,True
2024-08-13,Drink Water,True
2024-08-14,Exercise,False
2024-08-14,Read,True
2024-08-14,Meditate,True
2024-08-14,Code,False
2024-08-14,Drink Water,True
2024-08-15,Exercise,True
2024-08-15,Read,True
2024-08-15,Meditate,False
2024-08-15,Code,True
2024-08-15,Drink Water,True
2024-08-16,Exercise,True
2024-08-16,Read,True
2024-08-16,Meditate,False
2024-08-16,Code,True
2024-08-16,Drink Water,True
2024-08-17,Exercise,True
2024-08-17,Read,True
2024-08-17,Meditate,False
2024-08-17,Code,True
2024-08-17,Drink Water,False
2024-08-18,Exercise,True
2024-08-18,Read,False
2024-08-18,Meditate,False
2024-08-18,Code,False
2024-08-18,Drink Water,True
2024-08-19,Exercise,True
2024-08-19,Read,True
2024-08-19,Meditate,False
2024-08-19,Code,False
2024-08-19,Drink Water,True
2024-08-20,Exercise,False
2024-08-20,Read,False
2024-08-20,Meditate,False
2024-08-20,Code,False
2024-08-20,Drink Water,True
2024-08-21,Exercise,False
2024-08-21,Read,False
2024-08-21,Meditate,True
2024-08-21,Code,True
2024-08-21,Drink Water,False
2024-08-22,Exercise,True
2024-08-22,Read,False
2024-08-22,Meditate,True
2024-08-22,Code,True
2024-08-22,Drink Water,True
2024-08-23,Exercise,False
2024-08-23,Read,False
2024-08-23,Meditate,False
2024-08-23,Code,False
2024-08-23,Drink Water,False
2024-08-24,Exercise,False
2024-08-24,Read,False
2024-08-24,Meditate,False
2024-08-24,Code,True
2024-08-24,Drink Water,False
2024-08-25,Exercise,True
2024-08-25,Read,False
2024-08-25,Meditate,True
2024-08-25,Code,False
2024-08-25,Drink Water,True
2024-08-26,Exercise,True
2024-08-26,Read,False
2024-08-26,Meditate,True
2024-08-26,Code,True
2024-08-26,Drink Water,True
2024-08-27,Exercise,False
2024-08-27,Read,False
2024-08-27,Meditate,True
2024-08-27,Code,True
2024-08-27,Drink Water,False
2024-08-28,Exercise,True
2024-08-28,Read,True
2024-08-28,Meditate,True
2024-08-28,Code,False
2024-08-28,Drink Water,True
2024-08-29,Exercise,False
2024-08-29,Read,True
2024-08-29,Meditate,False
2024-08-29,Code,True
2024-08-29,Drink Water,False
2024-08-30,Exercise,True
2024-08-30,Read,False
2024-08-30,Meditate,True
2024-08-30,Code,False
2024-08-30,Drink Water,False
2024-08-31,Exercise,True
2024-08-31,Read,False
2024-08-31,Meditate,True
2024-08-31,Code,False
2024-08-31,Drink Water,True
2024-09-01,Exercise,False
2024-09-01,Read,False
2024-09-01,Meditate,False
2024-09-01,Code,False
2024-09-01,Drink Water,True
2024-09-02,Exercise,True
2024-09-02,Read,False
2024-09-02,Meditate,True
2024-09-02,Code,False
2024-09-02,Drink Water,False
2024-09-03,Exercise,False
2024-09-03,Read,False
2024-09-03,Meditate,False
2024-09-03,Code,False
2024-09-03,Drink Water,True
2024-09-04,Exercise,False
2024-09-04,Read,False
2024-09-04,Meditate,False
2024-09-04,Code,True
2024-09-04,Drink Water,True
2024-09-05,Exercise,True
2024-09-05,Read,False
2024-09-05,Meditate,True
2024-09-05,Code,True
2024-09-05,Drink Water,True
2024-09-06,Exercise,True
2024-09-06,Read,False
2024-09-06,Meditate,False
2024-09-06,Code,True
2024-09-06,Drink Water,False
2024-09-07,Exercise,True
2024-09-07,Read,False
2024-09-07,Meditate,True
2024-09-07,Code,False
2024-09-07,Drink Water,True
2024-09-08,Exercise,True
2024-09-08,Read,True
2024-09-08,Meditate,True
2024-09-08,Code,False
2024-09-08,Drink Water,True
2024-09-09,Exercise,False
2024-09-09,Read,True
2024-09-09,Meditate,True
2024-09-09,Code,False
2024-09-09,Drink Water,False
2024-09-10,Exercise,True
2024-09-10,Read,False
2024-09-10,Meditate,False
2024-09-10,Code,False
2024-09-10,Drink Water,True
2024-09-11,Exercise,False
2024-09-11,Read,True
2024-09-11,Meditate,True
2024-09-11,Code,True
2024-09-11,Drink Water,False
2024-09-12,Exercise,True
2024-09-12,Read,False
2024-09-12,Meditate,True
2024-09-12,Code,True
2024-09-12,Drink Water,False
2024-09-13,Exercise,True
2024-09-13,Read,True
2024-09-13,Meditate,False
2024-09-13,Code,False
2024-09-13,Drink Water,True
2024-09-14,Exercise,False
2024-09-14,Read,False
2024-09-14,Meditate,False
2024-09-14,Code,True
2024-09-14,Drink Water,True
2024-09-15,Exercise,True
2024-09-15,Read,False
2024-09-15,Meditate,False
2024-09-15,Code,False
2024-09-15,Drink Water,True
2024-09-16,Exercise,True
2024-09-16,Read,True
2024-09-16,Meditate,False
2024-09-16,Code,False
2024-09-16,Drink Water,True
2024-09-17,Exercise,False
2024-09-17,Read,True
2024-09-17,Meditate,False
2024-09-17,Code,False
2024-09-17,Drink Water,False
2024-09-18,Exercise,True
2024-09-18,Read,True
2024-09-18,Meditate,False
2024-09-18,Code,False
2024-09-18,Drink Water,True
2024-09-19,Exercise,True
2024-09-19,Read,True
2024-09-19,Meditate,False
2024-09-19,Code,False
2024-09-19,Drink Water,True
2024-09-20,Exercise,False
2024-09-20,Read,True
2024-09-20,Meditate,False
2024-09-20,Code,False
2024-09-20,Drink Water,False
2024-09-21,Exercise,False
2024-09-21,Read,False
2024-09-21,Meditate,False
2024-09-21,Code,False
2024-09-21,Drink Water,False
2024-09-22,Exercise,True
2024-09-22,Read,False
2024-09-22,Meditate,True
2024-09-22,Code,True
2024-09-22,Drink Water,False
2024-09-23,Exercise,True
2024-09-23,Read,False
2024-09-23,Meditate,True
2024-09-23,Code,False
2024-09-23,Drink Water,True
2024-09-24,Exercise,True
2024-09-24,Read,False
2024-09-24,Meditate,False
2024-09-24,Code,False
2024-09-24,Drink Water,True
2024-09-25,Exercise,True
2024-09-25,Read,False
2024-09-25,Meditate,False
2024-09-25,Code,True
2024-09-25,Drink Water,True
2024-09-26,Exercise,False
2024-09-26,Read,True
2024-09-26,Meditate,True
2024-09-26,Code,True
2024-09-26,Drink Water,True
2024-09-27,Exercise,False
2024-09-27,Read,False
2024-09-27,Meditate,True
2024-09-27,Code,True
2024-09-27,Drink Water,False
2024-09-28,Exercise,False
2024-09-28,Read,True
2024-09-28,Meditate,False
2024-09-28,Code,True
2024-09-28,Drink Water,True
2024-09-29,Exercise,False
2024-09-29,Read,True
2024-09-29,Meditate,False
2024-09-29,Code,True
2024-09-29,Drink Water,True
2024-09-30,Exercise,False
2024-09-30,Read,False
2024-09-30,Meditate,True
2024-09-30,Code,False
2024-09-30,Drink Water,False
2024-10-01,Exercise,False
2024-10-01,Read,False
2024-10-01,Meditate,False
2024-10-01,Code,True
2024-10-01,Drink Water,True
2024-10-02,Exercise,True
2024-10-02,Read,False
2024-10-02,Meditate,True
2024-10-02,Code,False
2024-10-02,Drink Water,True
2024-10-03,Exercise,False
2024-10-03,Read,False
2024-10-03,Meditate,False
2024-10-03,Code,True
2024-10-03,Drink Water,False
2024-10-04,Exercise,False
2024-10-04,Read,False
2024-10-04,Meditate,True
2024-10-04,Code,False
2024-10-04,Drink Water,True
2024-10-05,Exercise,True
2024-10-05,Read,True
2024-10-05,Meditate,False
2024-10-05,Code,False
2024-10-05,Drink Water,True
2024-10-06,Exercise,True
2024-10-06,Read,True
2024-10-06,Meditate,False
2024-10-06,Code,True
2024-10-06,Drink Water,True
2024-10-07,Exercise,True
2024-10-07,Read,True
2024-10-07,Meditate,True
2024-10-07,Code,True
2024-10-07,Drink Water,False
2024-10-08,Exercise,False
2024-10-08,Read,False
2024-10-08,Meditate,False
2024-10-08,Code,False
2024-10-08,Drink Water,False
2024-10-09,Exercise,True
2024-10-09,Read,True
2024-10-09,Meditate,False
2024-10-09,Code,False
2024-10-09,Drink Water,True
2024-10-10,Exercise,True
2024-10-10,Read,False
2024-10-10,Meditate,False
2024-10-10,Code,False
2024-10-10,Drink Water,False
2024-10-11,Exercise,True
2024-10-11,Read,True
2024-10-11,Meditate,False
2024-10-11,Code,True
2024-10-11,Drink Water,True
2024-10-12,Exercise,True
2024-10-12,Read,False
2024-10-12,Meditate,True
2024-10-12,Code,False
2024-10-12,Drink Water,False
2024-10-13,Exercise,True
2024-10-13,Read,False
2024-10-13,Meditate,False
2024-10-13,Code,True
2024-10-13,Drink Water,False
2024-10-14,Exercise,True
2024-10-14,Read,True
2024-10-14,Meditate,False
2024-10-14,Code,True
2024-10-14,Drink Water,True
2024-10-15,Exercise,False
2024-10-15,Read,False
2024-10-15,Meditate,True
2024-10-15,Code,True
2024-10-15,Drink Water,False
2024-10-16,Exercise,False
2024-10-16,Read,True
2024-10-16,Meditate,False
2024-10-16,Code,True
2024-10-16,Drink Water,True
2024-10-17,Exercise,True
2024-10-17,Read,True
2024-10-17,Meditate,True
2024-10-17,Code,False
2024-10-17,Drink Water,True
2024-10-18,Exercise,False
2024-10-18,Read,True
2024-10-18,Meditate,True
2024-10-18,Code,False
2024-10-18,Drink Water,True
2024-10-19,Exercise,False
2024-10-19,Read,False
2024-10-19,Meditate,False
2024-10-19,Code,False
2024-10-19,Drink Water,False
2024-10-20,Exercise,False
2024-10-20,Read,True
2024-10-20,Meditate,False
2024-10-20,Code,False
2024-10-20,Drink Water,True
2024-10-21,Exercise,True
2024-10-21,Read,False
2024-10-21,Meditate,False
2024-10-21,Code,True
2024-10-21,Drink Water,False
2024-10-22,Exercise,False
2024-10-22,Read,True
2024-10-22,Meditate,True
2024-10-22,Code,True
2024-10-22,Drink Water,False
2024-10-23,Exercise,False
2024-10-23,Read,False
2024-10-23,Meditate,False
2024-10-23,Code,False
2024-10-23,Drink Water,True
2024-10-24,Exercise,True
2024-10-24,Read,True
2024-10-24,Meditate,False
2024-10-24,Code,False
2024-10-24,Drink Water,False
2024-10-25,Exercise,False
2024-10-25,Read,True
2024-10-25,Meditate,False
2024-10-25,Code,True
2024-10-25,Drink Water,False
2024-10-26,Exercise,True
2024-10-26,Read,True
2024-10-26,Meditate,True
2024-10-26,Code,False
2024-10-26,Drink Water,True
2024-10-27,Exercise,True
2024-10-27,Read,True
2024-10-27,Meditate,True
2024-10-27,Code,True
2024-10-27,Drink Water,False
2024-10-28,Exercise,True
2024-10-28,Read,True
2024-10-28,Meditate,False
2024-10-28,Code,True
2024-10-28,Drink Water,True
2024-10-29,Exercise,False
2024-10-29,Read,True
2024-10-29,Meditate,False
2024-10-29,Code,True
2024-10-29,Drink Water,True
2024-10-30,Exercise,True
2024-10-30,Read,False
2024-10-30,Meditate,False
2024-10-30,Code,True
2024-10-30,Drink Water,False
2024-10-31,Exercise,False
2024-10-31,Read,True
2024-10-31,Meditate,True
2024-10-31,Code,True
2024-10-31,Drink Water,True
2024-11-01,Exercise,True
2024-11-01,Read,True
2024-11-01,Meditate,False
2024-11-01,Code,True
2024-11-01,Drink Water,False
2024-11-02,Exercise,False
2024-11-02,Read,False
2024-11-02,Meditate,True
2024-11-02,Code,True
2024-11-02,Drink Water,False
2024-11-03,Exercise,True
2024-11-03,Read,False
2024-11-03,Meditate,False
2024-11-03,Code,False
2024-11-03,Drink Water,True
2024-11-04,Exercise,True
2024-11-04,Read,False
2024-11-04,Meditate,False
2024-11-04,Code,True
2024-11-04,Drink Water,False
2024-11-05,Exercise,True
2024-11-05,Read,True
2024-11-05,Meditate,False
2024-11-05,Code,False
2024-11-05,Drink Water,False
2024-11-06,Exercise,True
2024-11-06,Read,False
2024-11-06,Meditate,True
2024-11-06,Code,False
2024-11-06,Drink Water,False
2024-11-07,Exercise,True
2024-11-07,Read,True
2024-11-07,Meditate,False
2024-11-07,Code,True
2024-11-07,Drink Water,False
2024-11-08,Exercise,True
2024-11-08,Read,False
2024-11-08,Meditate,True
2024-11-08,Code,False
2024-11-08,Drink Water,False
2024-11-09,Exercise,False
2024-11-09,Read,False
2024-11-09,Meditate,True
2024-11-09,Code,True
2024-11-09,Drink Water,True
2024-11-10,Exercise,True
2024-11-10,Read,True
2024-11-10,Meditate,True
2024-11-10,Code,True
2024-11-10,Drink Water,False
2024-11-11,Exercise,False
2024-11-11,Read,False
2024-11-11,Meditate,True
2024-11-11,Code,True
2024-11-11,Drink Water,False
2024-11-12,Exercise,True
2024-11-12,Read,False
2024-11-12,Meditate,True
2024-11-12,Code,True
2024-11-12,Drink Water,True
2024-11-13,Exercise,True
2024-11-13,Read,True
2024-11-13,Meditate,False
2024-11-13,Code,False
2024-11-13,Drink Water,False
2024-11-14,Exercise,True
2024-11-14,Read,True
2024-11-14,Meditate,True
2024-11-14,Code,False
2024-11-14,Drink Water,False
2024-11-15,Exercise,True
2024-11-15,Read,False
2024-11-15,Meditate,True
2024-11-15,Code,True
2024-11-15,Drink Water,False
2024-11-16,Exercise,False
2024-11-16,Read,False
2024-11-16,Meditate,False
2024-11-16,Code,True
2024-11-16,Drink Water,True
2024-11-17,Exercise,False
2024-11-17,Read,True
2024-11-17,Meditate,False
2024-11-17,Code,True
2024-11-17,Drink Water,False
2024-11-18,Exercise,False
2024-11-18,Read,True
2024-11-18,Meditate,True
2024-11-18,Code,True
2024-11-18,Drink Water,False
2024-11-19,Exercise,False
2024-11-19,Read,False
2024-11-19,Meditate,False
2024-11-19,Code,True
2024-11-19,Drink Water,False
2024-11-20,Exercise,False
2024-11-20,Read,False
2024-11-20,Meditate,False
2024-11-20,Code,False
2024-11-20,Drink Water,True
2024-11-21,Exercise,False
2024-11-21,Read,False
2024-11-21,Meditate,False
2024-11-21,Code,False
2024-11-21,Drink Water,False
2024-11-22,Exercise,True
2024-11-22,Read,True
2024-11-22,Meditate,True
2024-11-22,Code,True
2024-11-22,Drink Water,False
2024-11-23,Exercise,True
2024-11-23,Read,False
2024-11-23,Meditate,True
2024-11-23,Code,True
2024-11-23,Drink Water,False
2024-11-24,Exercise,False
2024-11-24,Read,True
2024-11-24,Meditate,True
2024-11-24,Code,True
2024-11-24,Drink Water,True
2024-11-25,Exercise,True
2024-11-25,Read,True
2024-11-25,Meditate,True
2024-11-25,Code,False
2024-11-25,Drink Water,False
2024-11-26,Exercise,True
2024-11-26,Read,False
2024-11-26,Meditate,True
2024-11-26,Code,True
2024-11-26,Drink Water,False
2024-11-27,Exercise,True
2024-11-27,Read,True
2024-11-27,Meditate,False
2024-11-27,Code,False
2024-11-27,Drink Water,True
2024-11-28,Exercise,True
2024-11-28,Read,True
2024-11-28,Meditate,True
2024-11-28,Code,True
2024-11-28,Drink Water,True
2024-11-29,Exercise,True
2024-11-29,Read,True
2024-11-29,Meditate,False
2024-11-29,Code,True
2024-11-29,Drink Water,True
2024-11-30,Exercise,False
2024-11-30,Read,False
2024-11-30,Meditate,True
2024-11-30,Code,True
2024-11-30,Drink Water,False
2024-12-01,Exercise,False
2024-12-01,Read,True
2024-12-01,Meditate,True
2024-12-01,Code,True
2024-12-01,Drink Water,True
2024-12-02,Exercise,True
2024-12-02,Read,False
2024-12-02,Meditate,True
2024-12-02,Code,True
2024-12-02,Drink Water,True
2024-12-03,Exercise,True
2024-12-03,Read,False
2024-12-03,Meditate,False
2024-12-03,Code,True
2024-12-03,Drink Water,False
2024-12-04,Exercise,True
2024-12-04,Read,True
2024-12-04,Meditate,True
2024-12-04,Code,True
2024-12-04,Drink Water,False
2024-12-05,Exercise,True
2024-12-05,Read,True
2024-12-05,Meditate,False
2024-12-05,Code,False
2024-12-05,Drink Water,True
2024-12-06,Exercise,False
2024-12-06,Read,True
2024-12-06,Meditate,False
2024-12-06,Code,True
2024-12-06,Drink Water,True
2024-12-07,Exercise,True
2024-12-07,Read,False
2024-12-07,Meditate,True
2024-12-07,Code,True
2024-12-07,Drink Water,True
2024-12-08,Exercise,True
2024-12-08,Read,False
2024-12-08,Meditate,False
2024-12-08,Code,True
2024-12-08,Drink Water,True
2024-12-09,Exercise,True
2024-12-09,Read,False
2024-12-09,Meditate,True
2024-12-09,Code,False
2024-12-09,Drink Water,True
2024-12-10,Exercise,True
2024-12-10,Read,True
2024-12-10,Meditate,False
2024-12-10,Code,True
2024-12-10,Drink Water,False
2024-12-11,Exercise,False
2024-12-11,Read,True
2024-12-11,Meditate,True
2024-12-11,Code,False
2024-12-11,Drink Water,True
2024-12-12,Exercise,False
2024-12-12,Read,True
2024-12-12,Meditate,True
2024-12-12,Code,True
2024-12-12,Drink Water,False
2024-12-13,Exercise,False
2024-12-13,Read,False
2024-12-13,Meditate,True
2024-12-13,Code,True
2024-12-13,Drink Water,True
2024-12-14,Exercise,True
2024-12-14,Read,True
2024-12-14,Meditate,False
2024-12-14,Code,True
2024-12-14,Drink Water,False
2024-12-15,Exercise,True
2024-12-15,Read,True
2024-12-15,Meditate,False
2024-12-15,Code,True
2024-12-15,Drink Water,False
2024-12-16,Exercise,True
2024-12-16,Read,False
2024-12-16,Meditate,True
2024-12-16,Code,True
2024-12-16,Drink Water,False
2024-12-17,Exercise,True
2024-12-17,Read,True
2024-12-17,Meditate,True
2024-12-17,Code,False
2024-12-17,Drink Water,False
2024-12-18,Exercise,False
2024-12-18,Read,True
2024-12-18,Meditate,True
2024-12-18,Code,False
2024-12-18,Drink Water,True
2024-12-19,Exercise,True
2024-12-19,Read,False
2024-12-19,Meditate,True
2024-12-19,Code,False
2024-12-19,Drink Water,True
2024-12-20,Exercise,True
2024-12-20,Read,False
2024-12-20,Meditate,False
2024-12-20,Code,False
2024-12-20,Drink Water,False
2024-12-21,Exercise,True
2024-12-21,Read,False
2024-12-21,Meditate,False
2024-12-21,Code,False
2024-12-21,Drink Water,True
2024-12-22,Exercise,True
2024-12-22,Read,True
2024-12-22,Meditate,False
2024-12-22,Code,True
2024-12-22,Drink Water,True
2024-12-23,Exercise,False
2024-12-23,Read,False
2024-12-23,Meditate,False
2024-12-23,Code,True
2024-12-23,Drink Water,False
2024-12-24,Exercise,True
2024-12-24,Read,False
2024-12-24,Meditate,False
2024-12-24,Code,True
2024-12-24,Drink Water,False
2024-12-25,Exercise,True
2024-12-25,Read,True
2024-12-25,Meditate,True
2024-12-25,Code,True
2024-12-25,Drink Water,True
2024-12-26,Exercise,False
2024-12-26,Read,True
2024-12-26,Meditate,False
2024-12-26,Code,False
2024-12-26,Drink Water,False
2024-12-27,Exercise,False
2024-12-27,Read,False
2024-12-27,Meditate,False
2024-12-27,Code,True
2024-12-27,Drink Water,False
2024-12-28,Exercise,True
2024-12-28,Read,True
2024-12-28,Meditate,False
2024-12-28,Code,False
2024-12-28,Drink Water,True
2024-12-29,Exercise,False
2024-12-29,Read,True
2024-12-29,Meditate,True
2024-12-29,Code,False
2024-12-29,Drink Water,False
2024-12-30,Exercise,True
2024-12-30,Read,True
2024-12-30,Meditate,True
2024-12-30,Code,True
2024-12-30,Drink Water,True
